,e,b,k_bind,m,km,n
0,0.5859333732807102,1,1,29.217284313448303,89.39551411815013,2.5460875000000005
1,12.466992687517479,1,1,2718.5074259848952,201.3070508881397,2.5460875000000005
2,0.15352166957101568,1,1,15.044807639683222,1262.0933868825362,2.5460875000000005
3,1591.419063296109,1,1,588.2358332769785,12.894164880798915,2.5460875000000005
4,24.581939604139823,1,1,3116.206142677575,19.920846256292542,2.5460875000000005
5,5159.627817340981,1,1,24048.165054483983,2.815006763038149,2.5460875000000005
6,35.83418581119794,1,1,54.41197535572995,7.262725438840162,2.5460875000000005
7,0.26148997774996086,1,1,26.443394437623777,23.30672092366116,2.5460875000000005
8,600.5393185000072,1,1,432583.8653239849,0.942100542535214,2.5460875000000005
9,4.0589766377186685,1,1,37521.12897756796,141.7020414061628,2.5460875000000005
10,9800.577351620635,1,1,1237.2421119361236,1.1369502041637656,2.5460875000000005
11,1014.2732716120449,1,1,1109.2303948839035,4.808050169432709,2.5460875000000005
12,0.06801475725155189,1,1,611279.0159829211,60.89730255286528,2.5460875000000005
13,322.72640383954587,1,1,133485.19846369524,27.417423224890165,2.5460875000000005
14,479.3735967507372,1,1,404285.77350977017,956.9711861290696,2.5460875000000005
15,0.023602141921211416,1,1,2.1260944956772017,0.7893875799082405,2.5460875000000005
16,685.2011162476106,1,1,18137.862749085623,1924.1353489814255,2.5460875000000005
17,158.47938727809708,1,1,1.2309770313023234,10974.458019298023,2.5460875000000005
18,471.2260781790537,1,1,44536.15797012619,9435.110968808602,2.5460875000000005
19,14004.895981943848,1,1,25.387476910131927,583.277779518342,2.5460875000000005
20,0.3401618921579028,1,1,648.3262079225309,9194.275527156837,2.5460875000000005
21,0.02555506543212025,1,1,111.73958845089925,8.556387533479496,2.5460875000000005
22,1220.714992372883,1,1,1.2378092812216173,76.39713395258802,2.5460875000000005
23,13263.202064948902,1,1,5.732585820447283,3.9406369656430065,2.5460875000000005
24,0.17955938485963105,1,1,7359.468716191895,8.539909829248005,2.5460875000000005
25,8206.026445541873,1,1,15291.875293117713,10021.292791927675,2.5460875000000005
26,0.737038488173004,1,1,2.018308149736443,5.584775208954198,2.5460875000000005
27,58.904655290678704,1,1,1089.3297885351387,21826.86514308473,2.5460875000000005
28,14475.66387319412,1,1,213558.54387269975,33661.65325092969,2.5460875000000005
29,2391.1186626365184,1,1,4.95811241025443,10913.886979314948,2.5460875000000005
30,1.664120221811645,1,1,461757.8468674226,0.6819914877376925,2.5460875000000005
31,6829.934537787836,1,1,4.366152916364261,840.8430418897015,2.5460875000000005
32,1.460329894234283,1,1,20.635352163382134,2032.5991231850383,2.5460875000000005
33,112.11888492428693,1,1,42.20249986881385,16377.356935435679,2.5460875000000005
34,0.3278300798244194,1,1,0.8269975378295067,1526.4622213959028,2.5460875000000005
35,5.45156038522195,1,1,10.331269529380611,70357.33197212331,2.5460875000000005
36,318.992099769689,1,1,106.69882262562774,0.47484182750410386,2.5460875000000005
37,2932.1384880438954,1,1,52.07135409396527,909.8664737811216,2.5460875000000005
38,2.5576276033377785,1,1,7608.142401798284,98.05276759452234,2.5460875000000005
39,0.3337590914478506,1,1,352928.4589404853,1.4633722417899313,2.5460875000000005
40,1192.999891389056,1,1,1422.6175113614781,144.7780284635102,2.5460875000000005
41,2.766647575868064,1,1,165956.73078657617,0.4844027206503873,2.5460875000000005
42,1258.7311837305747,1,1,97227.97056350797,2985.7164441416503,2.5460875000000005
43,60.555043405818715,1,1,1.27955400919254,0.43441143382535613,2.5460875000000005
44,12711.015841370774,1,1,34.3698565652492,21043.181072181804,2.5460875000000005
45,0.6229985468719466,1,1,18.944763391832687,137.38313508533165,2.5460875000000005
46,0.04545736597579216,1,1,3.0367337118933957,35716.39214049523,2.5460875000000005
47,0.3625254259952844,1,1,7237.43523994548,12948.4415661329,2.5460875000000005
48,0.22536676036660291,1,1,5.277654775309085,680.35614712293,2.5460875000000005
49,33.23780331409956,1,1,39.47849267618238,102.7768856861445,2.5460875000000005
50,14.393062128581722,1,1,482443.3671840783,76168.17102146077,2.5460875000000005
51,305.90897028529656,1,1,108.87758852590048,1.2362100596453118,2.5460875000000005
52,644.9815561797313,1,1,4645.826012871188,2.141832512102112,2.5460875000000005
53,133.8671978746148,1,1,1073.927073079276,18352.221352644527,2.5460875000000005
54,0.2237813870407414,1,1,0.8798053372775009,8850.993282881798,2.5460875000000005
55,3186.028087222668,1,1,833.5735657639189,1.4571604608219715,2.5460875000000005
56,29.37636030083141,1,1,325.32390167950524,36324.518827497355,2.5460875000000005
57,1.3878233238958588,1,1,6443.2207485867075,2.297117480220688,2.5460875000000005
58,17.89966051656803,1,1,6.4868401905485165,0.9684625529410699,2.5460875000000005
59,14.24033777524921,1,1,665244.2028949223,1247.4169105417145,2.5460875000000005
60,46.529266943804245,1,1,448405.4091039149,0.3411060422880939,2.5460875000000005
61,5225.561764343996,1,1,120.18456180064707,0.2368744397776037,2.5460875000000005
62,611.5723691913116,1,1,2.175808044347489,17.553150278898976,2.5460875000000005
63,136.58730355328248,1,1,594128.6887665942,1.7821743286376615,2.5460875000000005
64,2.674632386411818,1,1,1.2037321500210547,32681.12494679095,2.5460875000000005
65,4070.507726997667,1,1,65454.72335081937,2150.9709922176407,2.5460875000000005
66,0.09105626217858388,1,1,28625.684088299793,57.71302432593674,2.5460875000000005
67,483.8183897693469,1,1,89034.21812890617,0.6276628006367834,2.5460875000000005
68,5032.588941603334,1,1,71.49153349964054,1.713741731711935,2.5460875000000005
69,0.07773718265241555,1,1,2.458446091186039,42.7295854798449,2.5460875000000005
70,47.62203564714062,1,1,9804.338446305095,70987.68076087411,2.5460875000000005
71,190.03833010600553,1,1,1.5284788526241828,12.759639205205293,2.5460875000000005
72,0.29073079699878074,1,1,9969.398787968747,607.7441301025933,2.5460875000000005
73,12012.186566639031,1,1,13395.16522101789,1.5961978910361452,2.5460875000000005
74,247.5314767831356,1,1,305042.67023526755,12057.401983480404,2.5460875000000005
75,2598.7922570277956,1,1,377258.4586087163,1733.5145441474565,2.5460875000000005
76,0.39528540609015766,1,1,67933.92907512044,1.5444185969238136,2.5460875000000005
77,64.96696025719154,1,1,147.7938323638977,1.2919096882222263,2.5460875000000005
78,12096.02406953694,1,1,7.101602012291407,1021.0396945206281,2.5460875000000005
79,249.98208284069764,1,1,42522.99703616569,2418.1017085611784,2.5460875000000005
80,108.38640157393604,1,1,8.126853351433438,23.83056942165931,2.5460875000000005
81,0.0276797609087169,1,1,168297.33832340216,0.12868731842068487,2.5460875000000005
82,0.06372959974829126,1,1,18.67735704410141,1.537146031584424,2.5460875000000005
83,11.499234882118534,1,1,26424.548171431583,3.023058540105215,2.5460875000000005
84,0.14841653962663262,1,1,1338.3237386054964,63.41277120956702,2.5460875000000005
85,0.11497258119839347,1,1,271.30670893170844,298.66928761551304,2.5460875000000005
86,3935.4586445548853,1,1,7.3841406350715255,34780.99690339669,2.5460875000000005
87,0.4770526507911917,1,1,84454.81224748556,44.55672380661765,2.5460875000000005
88,0.024312689650131003,1,1,7026.531170702726,458.2218453672287,2.5460875000000005
89,8718.948522945024,1,1,28.7405735620077,6.768718505126011,2.5460875000000005
90,24.05446168302583,1,1,17.37940614039413,15005.30439275973,2.5460875000000005
91,28.504456365924764,1,1,81014.39718272926,6360.1293184062815,2.5460875000000005
92,0.08276171456503727,1,1,19.439582818105958,14178.942190745933,2.5460875000000005
93,449.84290269895314,1,1,192.5242799708326,0.26960258740051424,2.5460875000000005
94,11384.40215148423,1,1,16474.719533514486,43146.36614936052,2.5460875000000005
95,1.1063268557449164,1,1,7185.668176805272,9.844156866042765,2.5460875000000005
96,0.11882520753811458,1,1,646107.3052015847,5992.165943855762,2.5460875000000005
97,1.336966925658473,1,1,1798.0713227878994,19.726982560123272,2.5460875000000005
98,0.31138836314487156,1,1,135933.96184246303,4045.6845833145494,2.5460875000000005
99,3.2664499145016643,1,1,0.9383894351464804,3.6890527530908654,2.5460875000000005
100,0.34222274797139357,1,1,189178.57079793897,91670.92287796718,2.5460875000000005
101,94.19868372200315,1,1,0.7534526923688969,52392.710332708,2.5460875000000005
102,0.06407427497806506,1,1,215.31191611766005,58105.74983895059,2.5460875000000005
103,2652.852876821784,1,1,0.9902080814579449,334.2892551757142,2.5460875000000005
104,0.15181572780689895,1,1,626930.0225471526,64.51036343377814,2.5460875000000005
105,294.7816551860887,1,1,13800.785485886408,315.8972456426125,2.5460875000000005
106,0.42720645154786235,1,1,3.873573802986559,5.422168807564254,2.5460875000000005
107,3139.231463217328,1,1,29826.400894055347,36579.099459457364,2.5460875000000005
108,0.03479023868472935,1,1,153019.62790643348,17451.711654750947,2.5460875000000005
109,3.0854296157935694,1,1,1.0894919886248149,22805.8070631706,2.5460875000000005
110,2.358445458331046,1,1,693434.1070820877,31218.00321645413,2.5460875000000005
111,1.8689461686771511,1,1,425.53756764478015,3.6110019296349374,2.5460875000000005
112,0.07156555492802884,1,1,54591.55482675762,40.74241908213941,2.5460875000000005
113,3.3475306870871666,1,1,236767.90338772538,2515.0127166348075,2.5460875000000005
114,806.0535868264025,1,1,1.2643918886368046,3.346145206875488,2.5460875000000005
115,54.4146473746788,1,1,3843.187559191284,8650.157347825114,2.5460875000000005
116,0.08083065444563717,1,1,105.06391705312649,180.26199435972575,2.5460875000000005
117,418.9563317797807,1,1,1515.471464443798,9.141570084661916,2.5460875000000005
118,859.6662948336768,1,1,31232.36038192002,69.0001523812612,2.5460875000000005
119,0.016554709504958093,1,1,48549.833074899914,26109.085565442267,2.5460875000000005
120,363.9300229741982,1,1,7.271325931493074,0.5127485375386036,2.5460875000000005
121,1.1860421888059747,1,1,160.40357572068342,2139.90693766266,2.5460875000000005
122,381.82606757030265,1,1,16.810710045166648,0.313784946996995,2.5460875000000005
123,919.7185095777053,1,1,13.057624560516338,2.1134399637368935,2.5460875000000005
124,14.133143462867697,1,1,30.324929540693606,3397.9455999435677,2.5460875000000005
125,0.10678732078282971,1,1,0.7786239376436743,6992.297462022383,2.5460875000000005
126,22.2071165085384,1,1,1.1382727221027196,4400.312100696779,2.5460875000000005
127,0.04944459294336647,1,1,1.4952724523985617,88118.34814047089,2.5460875000000005
128,0.7667980119350639,1,1,21517.242679397856,6.510889410029791,2.5460875000000005
129,1.6315474470782083,1,1,320666.2056799695,1892.3337651811012,2.5460875000000005
130,665.4802895915925,1,1,85312.63670257574,0.5565332678565332,2.5460875000000005
131,37.73954448345705,1,1,32.622585680146656,32.73054737776636,2.5460875000000005
132,252.68775601908305,1,1,33.69445061022282,0.15153396364819557,2.5460875000000005
133,3318.2827520801266,1,1,2.3014986091361456,4423.431750199827,2.5460875000000005
134,7.706860244370786,1,1,7.550037610152549,7.576209060250245,2.5460875000000005
135,0.11245113797075464,1,1,502483.6935377639,1001.4169059217045,2.5460875000000005
136,225.08432191110884,1,1,93.28058762349627,73499.97960493292,2.5460875000000005
137,0.05124581175398916,1,1,54150.39453341448,108.7788873170247,2.5460875000000005
138,23.549806328131478,1,1,329645.2888564363,527.9649830263811,2.5460875000000005
139,3640.1016327168795,1,1,9.752673803667822,272.12209465493936,2.5460875000000005
140,714.0896046559424,1,1,338.17134197227836,1573.3052374775502,2.5460875000000005
141,0.2019342600215605,1,1,15782.751509210626,424.43260688679345,2.5460875000000005
142,211.68853041277748,1,1,9.380588297635704,16.532829559678177,2.5460875000000005
143,0.07114082892335948,1,1,3563.506479910037,2.190176662891713,2.5460875000000005
144,5456.612701597223,1,1,285.94634684399017,14258.779131746094,2.5460875000000005
145,198.0835128235005,1,1,813.3904667951855,1902.9189561483834,2.5460875000000005
146,2.20157510325342,1,1,104594.07961430764,77.65142884031293,2.5460875000000005
147,737.709825523921,1,1,65.7354917058885,595.375352223441,2.5460875000000005
148,1070.8838457095644,1,1,44.80771474645449,24.392776231327446,2.5460875000000005
149,11344.356760083807,1,1,10.436555674188224,188.32958987498515,2.5460875000000005
150,4397.6397913968,1,1,8.83159368170696,41168.074037588456,2.5460875000000005
151,9.456550643893967,1,1,34127.81298517524,66.07117065425264,2.5460875000000005
152,0.7040723272576834,1,1,0.9677752377243478,5924.040796878453,2.5460875000000005
153,0.10290013906877067,1,1,2.7586137519783054,0.15553745716260448,2.5460875000000005
154,0.031099681496566268,1,1,2036.707844719117,17.958332624448992,2.5460875000000005
155,0.6893309319996276,1,1,16572.48610072562,16.832253873165612,2.5460875000000005
156,31.836951005652253,1,1,3.0025168460550518,0.6637681084838657,2.5460875000000005
157,26.803429388432765,1,1,8580.469497430648,9895.101463677625,2.5460875000000005
158,0.018826150406238983,1,1,41.427203131321576,3.8008686915747503,2.5460875000000005
159,0.34577451331310566,1,1,0.9298415785221517,0.17573991254381252,2.5460875000000005
160,235.66030484942564,1,1,45305.51090535904,153.75140961250844,2.5460875000000005
161,3.1174582160580853,1,1,539.8703944533978,31453.464514785173,2.5460875000000005
162,10.544862621908921,1,1,187.06634333843607,4097.047407485592,2.5460875000000005
163,0.14406148730600304,1,1,11.388355230454334,30483.588441088737,2.5460875000000005
164,558.3552256671493,1,1,383592.3512153855,390.0493488320479,2.5460875000000005
165,0.03209954400747384,1,1,672.93363218499,14.286149813842153,2.5460875000000005
166,1.2493142400083992,1,1,139122.52641360127,1361.0539724180567,2.5460875000000005
167,0.26444555996141167,1,1,174077.83288635293,21.698770071813293,2.5460875000000005
168,278.0181230097188,1,1,51598.393940633076,1546.7349670045523,2.5460875000000005
169,25.245113676016707,1,1,462.1304127967568,13.978193825463382,2.5460875000000005
170,207.51231952262884,1,1,7.975418495635602,16688.983706067098,2.5460875000000005
171,1477.5741450366165,1,1,198.1528415513126,1233.7784621150786,2.5460875000000005
172,11058.818545367389,1,1,33473.30244531799,0.11133862084833944,2.5460875000000005
173,4790.478143366948,1,1,905.3509465787159,45.11883016799598,2.5460875000000005
174,1150.6415018995797,1,1,312926.15055292024,83.40993991949586,2.5460875000000005
175,5762.9650763807285,1,1,697.0023282313616,4.1373368660401555,2.5460875000000005
176,13833.436186575935,1,1,22258.46184260404,1452.0947023992712,2.5460875000000005
177,2.0844369619224654,1,1,7.909547981519731,9689.520379096444,2.5460875000000005
178,132.35059359010086,1,1,4425.539883822828,46.00960785250158,2.5460875000000005
179,0.2746749341518109,1,1,14.673999546264403,0.21173187970861715,2.5460875000000005
180,96.92156797251575,1,1,4333.122365100746,1.1064797839756437,2.5460875000000005
181,1.6678279692049842,1,1,97.29418109254358,86879.73462700957,2.5460875000000005
182,215.08162155192514,1,1,22.583620411258572,94387.9258266834,2.5460875000000005
183,2163.015115375837,1,1,792.0432269740921,1.39881570459628,2.5460875000000005
184,0.14085109819683267,1,1,20.952633047809872,4539.143991033838,2.5460875000000005
185,24.89024170157616,1,1,56.79510135811663,0.46307387345676343,2.5460875000000005
186,48.630078987043966,1,1,8135.637852775099,2.7505847014543874,2.5460875000000005
187,976.3986598509026,1,1,36.43285074080048,57.50920937807603,2.5460875000000005
188,4.86474939123279,1,1,76.07101611090518,16.33896682685381,2.5460875000000005
189,21.017291065890273,1,1,1592.9342129643364,7884.298155806922,2.5460875000000005
190,4.2697876189909145,1,1,43.65436303963936,0.49337848539986384,2.5460875000000005
191,32.17249019259151,1,1,5544.615403349258,14057.377542777998,2.5460875000000005
192,4.756142313382067,1,1,9757.043571816386,1.5720536839187147,2.5460875000000005
193,816.1928065561724,1,1,1164.5260892962226,2.8887485909127153,2.5460875000000005
194,1.4347485079930662,1,1,1.0259715076476597,3.538876123415103,2.5460875000000005
195,0.1401058406565429,1,1,374.96842943615053,28.609947109930392,2.5460875000000005
196,0.01706989832314603,1,1,3930.3072164490172,2.1693553652830437,2.5460875000000005
197,5.328913623221258,1,1,7049.696890170118,259.5435391633948,2.5460875000000005
198,0.03328915623558347,1,1,42250.0741218842,0.8163175156394704,2.5460875000000005
199,8768.18653123124,1,1,19553.271394064872,5.310049963508614,2.5460875000000005
200,0.6432357167950685,1,1,44.69185742326782,645.478795765353,2.5460875000000005
201,9.759389959071079,1,1,46199.813882204995,22434.853099951015,2.5460875000000005
202,567.6755568547261,1,1,228909.68898926713,1.9138162776016527,2.5460875000000005
203,0.09912047019907758,1,1,1.6691654288254294,53451.16175032627,2.5460875000000005
204,6668.9011074744185,1,1,2.951889018758597,19033.719557521224,2.5460875000000005
205,12.636509988796165,1,1,5742.5560384112505,2896.0887705826513,2.5460875000000005
206,336.45281726144316,1,1,79623.56301024724,34216.12363201438,2.5460875000000005
207,1.2236714457425601,1,1,1.319662029880304,248.3221789009336,2.5460875000000005
208,0.6288196618283243,1,1,19103.73736957412,5.018270747993681,2.5460875000000005
209,19.46456800421111,1,1,2.805594920961984,0.24961949977423334,2.5460875000000005
210,3.61148084165581,1,1,3433.4219339182414,17141.317652974587,2.5460875000000005
211,38.20841406751685,1,1,55.367857289189715,6517.86161509439,2.5460875000000005
212,0.13226829809651697,1,1,14177.931698345083,37.147195719485836,2.5460875000000005
213,1.0323900710980305,1,1,43.24149009088108,1.5003231014413545,2.5460875000000005
214,101.64634459710425,1,1,23119.580021777263,5884.613556184495,2.5460875000000005
215,0.09365654502578076,1,1,37.08762453365409,16.658348731133774,2.5460875000000005
216,40.0231748625788,1,1,4676.586084623537,1.4986643395600792,2.5460875000000005
217,0.5342519163847299,1,1,2.9154272927725686,290.27652485744517,2.5460875000000005
218,10.096180076907883,1,1,17220.482430878903,10144.04767797483,2.5460875000000005
219,1.9710157879082488,1,1,1.1171163063098666,0.3544580367947448,2.5460875000000005
220,95.56468616602122,1,1,10934.452843598943,204.19555866404633,2.5460875000000005
221,1.5115669188340224,1,1,1456.5639557699408,54.24249571324193,2.5460875000000005
222,2089.4887062001285,1,1,10366.133088409946,48.72770714124676,2.5460875000000005
223,0.04649441254499494,1,1,28867.573812394126,7554.813547430187,2.5460875000000005
224,26.29921330079044,1,1,0.7300264194175915,5122.442552212603,2.5460875000000005
225,1.2071621352747943,1,1,103837.380889543,168.89309708622432,2.5460875000000005
226,0.5752847960307707,1,1,343.4106173175719,20.491987074413466,2.5460875000000005
227,0.8145445974264588,1,1,211577.01152059552,3.7579279263613787,2.5460875000000005
228,0.015642919649341308,1,1,6.090475734630354,6.224022633735611,2.5460875000000005
229,5.952994324968484,1,1,163.72464482580557,10438.47457657685,2.5460875000000005
230,128.36443196891614,1,1,7911.36078742828,40.21930465559543,2.5460875000000005
231,2.9102860828108756,1,1,953.9980058469439,14.209540115405387,2.5460875000000005
232,6.332497034543845,1,1,76.872763422194,71808.42037427862,2.5460875000000005
233,1768.3316268600674,1,1,31825.845320199176,44.0690426546101,2.5460875000000005
234,3.506879219824525,1,1,4.178122665409737,33566.84805598725,2.5460875000000005
235,1443.4081260478429,1,1,15.57006902585033,6.641357688941882,2.5460875000000005
236,1.2425869818384192,1,1,1191.2628786280736,9159.203730066825,2.5460875000000005
237,2982.8287369593386,1,1,469.0881409759095,20.85984382878194,2.5460875000000005
238,4.976961637484259,1,1,47.93508591737217,43924.82188654133,2.5460875000000005
239,1.8285672306506608,1,1,13604.292811050509,0.2557147451103592,2.5460875000000005
240,0.09514091341065298,1,1,28121.515648350553,2.553957300789499,2.5460875000000005
241,0.3208605102684252,1,1,66.62229317312278,1172.0466487380086,2.5460875000000005
242,13.027453038496171,1,1,35.17793839322771,111.39369923924244,2.5460875000000005
243,0.022189410274520278,1,1,16.457242988938837,2.0324660065644222,2.5460875000000005
244,16.80429219393901,1,1,23.34122405130889,26926.88747479647,2.5460875000000005
245,1567.825558287682,1,1,35888.20347130978,70.10074601423231,2.5460875000000005
246,0.05499134007015509,1,1,3.782140636510455,47.79803947968861,2.5460875000000005
247,316.8779552949529,1,1,141146.63712537705,0.18760149769285558,2.5460875000000005
248,1.9273005534641994,1,1,61.99772658736977,61.98380832599223,2.5460875000000005
249,447.6474968442252,1,1,453268.2816321303,6948.902730183572,2.5460875000000005
250,22.98918522233047,1,1,14529.755289783132,5.194983673397588,2.5460875000000005
251,0.07961555595879986,1,1,489.45703050368905,0.10434618129603694,2.5460875000000005
252,122.92131580651217,1,1,256440.6045740142,74.5648732267797,2.5460875000000005
253,92.43375729049737,1,1,99.69081050900115,23653.51152241971,2.5460875000000005
254,6.154505048115012,1,1,1.9317726248107614,2.5331039526830694,2.5460875000000005
255,5.643291757863317,1,1,41433.987602696114,0.19775296390514924,2.5460875000000005
256,2310.5313264750125,1,1,116.0151837361185,11.964690535873244,2.5460875000000005
257,0.1618401784588011,1,1,12470.090516541799,501.37697465807065,2.5460875000000005
258,641.5212438126214,1,1,6.242499544820625,7487.049527943126,2.5460875000000005
259,8.771617349974576,1,1,2.3333795835734663,0.3437234971381116,2.5460875000000005
260,2856.2678074046903,1,1,183.76758696577997,107.52469526566804,2.5460875000000005
261,0.3140806266654763,1,1,4830.9637753173665,8.267963771196003,2.5460875000000005
262,0.18081506516748969,1,1,514809.8164822724,0.35002260856520384,2.5460875000000005
263,0.4462878620852313,1,1,4148.597653131856,354.1480155297379,2.5460875000000005
264,0.01962407175403558,1,1,195680.86354071027,6.390110312014753,2.5460875000000005
265,0.020444577443942905,1,1,5871.00069831255,16.05133826899892,2.5460875000000005
266,0.020847207776056975,1,1,93968.97594261554,347.6501943945455,2.5460875000000005
267,3708.587046374339,1,1,4195.7668801337095,77465.62227959637,2.5460875000000005
268,0.06186676525042934,1,1,388375.41795087064,8.341897207403958,2.5460875000000005
269,79.82023589562532,1,1,397828.30213154707,95224.70937892856,2.5460875000000005
270,13765.021550914662,1,1,1350.7649551667062,24.463035313884195,2.5460875000000005
271,0.1288921333710431,1,1,113.4539285065532,0.9120615142883953,2.5460875000000005
272,47.200801943208674,1,1,46.300998660159195,877.5548118780378,2.5460875000000005
273,1.5747321726135548,1,1,89741.54555298218,6445.617373390969,2.5460875000000005
274,10.952534184645248,1,1,79.00998449781794,10.323502522566361,2.5460875000000005
275,7421.539037603327,1,1,706776.525302528,1.1141933204647734,2.5460875000000005
276,4670.561098530196,1,1,71.89865247392228,12117.718074769526,2.5460875000000005
277,242.90204896327026,1,1,8.41920557346408,0.30297140572443154,2.5460875000000005
278,0.8099617155450937,1,1,346523.7601429097,0.27553048560255533,2.5460875000000005
279,1122.1205072987264,1,1,2.064638529567992,0.2321861910534158,2.5460875000000005
280,39.047332275787646,1,1,8030.831847273017,92644.97189679937,2.5460875000000005
281,14894.82529158573,1,1,737.9470127910312,27712.155274111294,2.5460875000000005
282,0.1084158661797832,1,1,1.8924085925964078,4.029896614022532,2.5460875000000005
283,221.14886084808555,1,1,368138.818297634,798.2949594794648,2.5460875000000005
284,0.10232678845612908,1,1,21042.31354217647,0.2904542856394899,2.5460875000000005
285,0.9001935041608131,1,1,171063.50354806578,0.1369595091451588,2.5460875000000005
286,367.487853246773,1,1,361099.951915808,989.889941133724,2.5460875000000005
287,405.9058570908088,1,1,3.536610699922161,3.39425569058842,2.5460875000000005
288,0.2332892855304587,1,1,443.05222521136074,11439.910882559501,2.5460875000000005
289,0.020963505617226853,1,1,307231.82270533167,0.5752796690498235,2.5460875000000005
290,18.26646841402061,1,1,1.0578614717340937,1815.8488671921398,2.5460875000000005
291,180.17204817342613,1,1,356.5713095954816,3.9601487377550715,2.5460875000000005
292,0.05648506547789692,1,1,26.019566387564254,24068.557037454113,2.5460875000000005
293,6285.9267632786705,1,1,313.0446426665198,5018.245256682531,2.5460875000000005
294,10471.010345716364,1,1,159052.8882833381,2011.4797499953816,2.5460875000000005
295,25.980584452224967,1,1,2.087982838349135,12.371206624562523,2.5460875000000005
296,0.1361304021409773,1,1,15.950663225868748,0.3318564242283836,2.5460875000000005
297,113.57872869547732,1,1,148917.61137781054,0.7656658616573251,2.5460875000000005
298,0.07527859666233533,1,1,640.4806659643899,7069.612719670355,2.5460875000000005
299,0.01539746174180755,1,1,107894.59044811412,21911.018806667296,2.5460875000000005
300,105.89986562521275,1,1,0.8245349865589724,9.013086512848416,2.5460875000000005
301,2.045517846163519,1,1,67086.83063560183,29.085105238631886,2.5460875000000005
302,3511.4470171406438,1,1,248424.34731527945,5219.645024379001,2.5460875000000005
303,1.3615166425454412,1,1,116.87910926993243,0.130648131096483,2.5460875000000005
304,1245.0338808859583,1,1,7748.524789610009,854.0564846952117,2.5460875000000005
305,0.6088993251567951,1,1,1.0398459037710044,4857.381986342646,2.5460875000000005
306,4.497812342479298,1,1,45487.736872639056,84.86005194535747,2.5460875000000005
307,2356.276673700742,1,1,1019.532751332531,1076.5121827643522,2.5460875000000005
308,10870.449030097347,1,1,146796.6782341149,78452.86344661066,2.5460875000000005
309,0.03884429066861859,1,1,1.444442192438371,11.192671708800846,2.5460875000000005
310,9.87599137694861,1,1,632122.641180836,1489.2958058094098,2.5460875000000005
311,1140.6801182249612,1,1,182106.97526089306,0.1486424874530755,2.5460875000000005
312,0.019872021511540532,1,1,11361.570033316139,1375.9220627626544,2.5460875000000005
313,1316.1880613300054,1,1,206969.89097841954,49.97503792374436,2.5460875000000005
314,0.8304916440975105,1,1,2485.0817170012006,6.046604594565391,2.5460875000000005
315,104.27670881365867,1,1,326086.0016754778,1.3229752894667888,2.5460875000000005
316,0.40500594508887855,1,1,11.748201127421316,237.85317138365434,2.5460875000000005
317,0.11705353735980628,1,1,154.41577957894447,5555.279553431815,2.5460875000000005
318,27.35540722116073,1,1,586082.3601261855,0.2722161739218155,2.5460875000000005
319,0.8834717053675543,1,1,5.618093806485735,17.327016878605157,2.5460875000000005
320,7.884181549428154,1,1,3197.3476672847487,8221.282132595177,2.5460875000000005
321,12651.273544885087,1,1,71866.88937791028,4502.180729527868,2.5460875000000005
322,76.23283502223575,1,1,81.99048306648213,0.14068652856555075,2.5460875000000005
323,0.4851209120984151,1,1,5920.309063280571,1423.3265320617486,2.5460875000000005
324,2.400627819687943,1,1,234.2596872378211,5.240038501545525,2.5460875000000005
325,0.3020902119845735,1,1,2304.3191717528853,42316.20624836897,2.5460875000000005
326,6029.002877838821,1,1,58991.462974855145,0.3003260469141132,2.5460875000000005
327,11.541990598855906,1,1,136.058835451273,59078.06438830648,2.5460875000000005
328,0.44966357930532713,1,1,7.750036387183243,13.415352888231347,2.5460875000000005
329,3.5166255268049564,1,1,8919.618679335079,30.00824335905157,2.5460875000000005
330,1373.5657194915734,1,1,1.3761878448592575,19.50801425579519,2.5460875000000005
331,148.28580680157,1,1,156142.87014476876,11165.552970959048,2.5460875000000005
332,342.1392020988373,1,1,189.06209033218857,94.2069664420874,2.5460875000000005
333,705.6560431448024,1,1,24565.893173908862,68.79747018054107,2.5460875000000005
334,0.03071261051560942,1,1,91.75403548370828,30.80956661154082,2.5460875000000005
335,13.280983861940962,1,1,261.536315003001,5723.04340661328,2.5460875000000005
336,1.016179890123431,1,1,6136.595750104175,0.23527634515139134,2.5460875000000005
337,2.171118972218624,1,1,100098.13839768758,1.2290670530828711,2.5460875000000005
338,1.075292427965518,1,1,1970.5469477011643,114.75482116556614,2.5460875000000005
339,1953.7440431667665,1,1,26027.977963167865,6622.2373512470585,2.5460875000000005
340,0.044626504024485654,1,1,5003.782121667111,413.0926812407489,2.5460875000000005
341,2207.3021264761555,1,1,102149.58434317233,56.39350393747567,2.5460875000000005
342,0.7769957113104667,1,1,110.42913882327544,2847.1894220694085,2.5460875000000005
343,4.803332547445064,1,1,216468.42397277508,191.950068722871,2.5460875000000005
344,9.322503905548684,1,1,115200.83003063571,174.68517613522437,2.5460875000000005
345,120.65163482242589,1,1,6.323473691256668,0.19301525667647704,2.5460875000000005
346,270.81654087257704,1,1,14.436897210377092,2.3127362623207155,2.5460875000000005
347,9340.07839342549,1,1,185229.5421296891,684.4223149681989,2.5460875000000005
348,48.27493451319383,1,1,607.7265444093407,276.3844979427196,2.5460875000000005
349,4764.884999018762,1,1,50.58238806550914,10.030101521818272,2.5460875000000005
350,534.1103211032604,1,1,1259.6166510527967,4.596840370985724,2.5460875000000005
351,2290.9784042310093,1,1,249749.43082737582,15.364723783733728,2.5460875000000005
352,64.80962334484951,1,1,139.00239266132309,10.41265222991222,2.5460875000000005
353,2698.2216479610447,1,1,14.428992102388705,12.083017987741966,2.5460875000000005
354,72.50373749330855,1,1,27882.745363275946,1068.9945347101918,2.5460875000000005
355,0.19306994817888676,1,1,419.11642394104376,362.76187862943345,2.5460875000000005
356,3.7797674422797285,1,1,5153.139500882087,0.40512663157804446,2.5460875000000005
357,0.9771888859315367,1,1,301.93948561596557,33.650897419453436,2.5460875000000005
358,51.8884704027119,1,1,58.951781598322185,15369.223272055664,2.5460875000000005
359,32.91536900190237,1,1,5462.38706610683,3584.619061212966,2.5460875000000005
360,69.30185904182879,1,1,294985.4701376872,1.2178573820501526,2.5460875000000005
361,0.017508999961294756,1,1,39552.17580802033,4.912943679241557,2.5460875000000005
362,0.08607354093764422,1,1,125.76318239615055,24438.527601263388,2.5460875000000005
363,1830.002123862906,1,1,1.2939476664922165,4.432195618640543,2.5460875000000005
364,0.7181421804238989,1,1,49.395143800837374,1.0518402642976028,2.5460875000000005
365,2.475723036293585,1,1,3.2002604695186614,0.8464649301017113,2.5460875000000005
366,11816.059591564339,1,1,2.871532586002864,22.669870599353754,2.5460875000000005
367,7800.926174418751,1,1,470.75543030148447,13.076779568110675,2.5460875000000005
368,1.4842520042555056,1,1,4.442553012968366,329.3546622008453,2.5460875000000005
369,6.973306530665408,1,1,232262.04656748913,0.7491904586709146,2.5460875000000005
370,5521.097227447399,1,1,636797.1482323145,0.4677112557154583,2.5460875000000005
371,12.13364678249233,1,1,171.46666366932257,72.35186554435998,2.5460875000000005
372,0.08126559082656805,1,1,1406.2353300020386,448.4265266013115,2.5460875000000005
373,0.024553612540186936,1,1,19.784181763750198,1.8294302055182212,2.5460875000000005
374,260.21619779921036,1,1,654.9329877050499,24327.90018724036,2.5460875000000005
375,889.6650820613362,1,1,122.66309209252663,18.781720283696213,2.5460875000000005
376,0.17257009784042113,1,1,63.79088179106339,0.18020057367846995,2.5460875000000005
377,0.02330502480596247,1,1,210012.02972480076,147.65130051006145,2.5460875000000005
378,148.91756431409914,1,1,0.896978836006879,96.74394265666166,2.5460875000000005
379,0.040831731030313546,1,1,59.67680142599326,3027.5555137526803,2.5460875000000005
380,19.73183241923644,1,1,3.399378536901265,8958.495359396784,2.5460875000000005
381,30.951155862371824,1,1,351.624442856457,80.65044273095631,2.5460875000000005
382,1882.376522826699,1,1,1.1528356567792568,415.7666989697626,2.5460875000000005
383,36.47814005275257,1,1,73762.89258080159,0.47796773890225486,2.5460875000000005
384,0.03131815211011793,1,1,21.617570151877516,32.00160689352666,2.5460875000000005
385,0.4701815592218328,1,1,519905.30904620996,13.585731413485425,2.5460875000000005
386,12346.04623992856,1,1,22805.599854414435,232.53840179726876,2.5460875000000005
387,1407.4155581367474,1,1,99.98793617760299,7.938252279121849,2.5460875000000005
388,579.2709550240507,1,1,196.0089555261366,2.6633710561823407,2.5460875000000005
389,1511.4301604708135,1,1,1.0652396010781693,3.1258555613875405,2.5460875000000005
390,1801.9121315987522,1,1,240.27211090036317,322.5023286458793,2.5460875000000005
391,1894.7269028855005,1,1,84.54013636720568,54.780446611085175,2.5460875000000005
392,94.24452573389023,1,1,3309.8127105086974,2.9283349113891024,2.5460875000000005
393,103.4929890823677,1,1,60557.263609601236,1331.2475014000963,2.5460875000000005
394,0.9910766010187521,1,1,140.27826977742578,7310.930684393832,2.5460875000000005
395,0.015053352177449193,1,1,4897.378774725946,337.74955659492326,2.5460875000000005
396,0.11320901874561103,1,1,16.756283635984342,427.42316707587077,2.5460875000000005
397,1853.6553644595724,1,1,6.399264169745793,16285.27815090686,2.5460875000000005
398,0.2981446037057523,1,1,118995.67123171256,3975.018185255704,2.5460875000000005
399,525.0320539998368,1,1,395.558025863643,1691.815371983191,2.5460875000000005
400,15.857593350966257,1,1,9.040987585390859,613.9949236648991,2.5460875000000005
401,15.822701166375564,1,1,131.46765406268986,0.8728854044074442,2.5460875000000005
402,2479.9829169363056,1,1,89.8837344118234,836.5815057530571,2.5460875000000005
403,3399.8609225469754,1,1,455.15068687269246,3546.0998612568796,2.5460875000000005
404,0.08844544307645562,1,1,1877.6633152550426,1279.0584666045443,2.5460875000000005
405,13.164022574826651,1,1,3984.7031037231577,0.3347803957131773,2.5460875000000005
406,22.058474237491794,1,1,3682.427536018319,11.852846836730414,2.5460875000000005
407,3196.3561749667065,1,1,37.61903607753355,1.6371038280409094,2.5460875000000005
408,0.1567314322223625,1,1,64.9693971663215,46.49007589727169,2.5460875000000005
409,6.557586485145413,1,1,221.70661723678552,0.7254501480602827,2.5460875000000005
410,165.13484945733654,1,1,929.4006299215685,2.4721943882585005,2.5460875000000005
411,0.15958395338357279,1,1,159.64104699468237,6.463092681396814,2.5460875000000005
412,329.0017402007866,1,1,13.938982274874757,0.10788009504069945,2.5460875000000005
413,0.8565599696755978,1,1,141.958177148871,0.8778726670572362,2.5460875000000005
414,141.05929130678606,1,1,270073.8129683916,370.24013483286365,2.5460875000000005
415,1.6183563322117225,1,1,751.9118310801396,157.54375748965685,2.5460875000000005
416,0.24849408030589953,1,1,61.007749494090476,748.0940120765948,2.5460875000000005
417,86.5474904209315,1,1,45.86979778353099,619.6157130760793,2.5460875000000005
418,0.4016274812110109,1,1,2.676700899237382,0.8623874721966915,2.5460875000000005
419,0.06623515882199538,1,1,2.405956814262626,8407.371256867002,2.5460875000000005
420,66.88855855250632,1,1,504.7695591981772,104.17734774262006,2.5460875000000005
421,0.6532939157160275,1,1,634.402565040699,1.8814580773452372,2.5460875000000005
422,55.647507267419236,1,1,4271.520029977401,3.479671308550082,2.5460875000000005
423,4.117029233864354,1,1,2021.5170908645064,0.89857229245054,2.5460875000000005
424,547.4200177425384,1,1,20.344238618086827,17794.96463038897,2.5460875000000005
425,0.030276681025795987,1,1,1.1206499334305304,63561.5324524081,2.5460875000000005
426,2194.1057598928364,1,1,282.32453349609176,68702.36399221732,2.5460875000000005
427,0.04376220636389553,1,1,17545.18908487165,0.1693170396331379,2.5460875000000005
428,4554.83924679444,1,1,29457.883269150618,265.01029341476755,2.5460875000000005
429,263.8248647746646,1,1,0.8591587042710784,10.907685153431272,2.5460875000000005
430,0.26896517261057296,1,1,975.2013887600506,1.9805050280053342,2.5460875000000005
431,9.988185888763963,1,1,0.78625636817336,2.7016166701010693,2.5460875000000005
432,11.789741949775813,1,1,557608.0972976572,34.93342355909059,2.5460875000000005
433,107.09070274008914,1,1,34.785532052581345,21.200202326337966,2.5460875000000005
434,53.82199280817711,1,1,4.504312386788483,0.1900220358462041,2.5460875000000005
435,0.0602597804248647,1,1,43526.68487997063,30175.554215639353,2.5460875000000005
436,14238.273152361236,1,1,213.10093505394008,23.602796877618548,2.5460875000000005
437,8408.398706743017,1,1,39.60901728947961,66080.36917437478,2.5460875000000005
438,434.8691730167053,1,1,1090.3352129513028,3662.857388331088,2.5460875000000005
439,1107.7960507474131,1,1,133.054482070784,0.45076328220278483,2.5460875000000005
440,61.90174457302679,1,1,135.1878600849335,0.1587606171422865,2.5460875000000005
441,0.05493337380073073,1,1,856.277253079387,295.00929867567925,2.5460875000000005
442,995.164990146342,1,1,61412.54179055268,41842.588247700834,2.5460875000000005
443,20.147202301280934,1,1,155.64852538525182,25.00092742868467,2.5460875000000005
444,1973.8390831662102,1,1,610.9538966606762,1.1659253281202955,2.5460875000000005
445,16.6527355693612,1,1,175.4876289465427,19.25982261648698,2.5460875000000005
446,1685.9309278256576,1,1,50150.551061666374,197.80103127386266,2.5460875000000005
447,6.851408537786276,1,1,423433.2619045475,212.83106136380792,2.5460875000000005
448,0.1739048082912887,1,1,4548.812012703444,146.00703127617203,2.5460875000000005
449,15.62451688418609,1,1,8.447712317562416,557.0886515846443,2.5460875000000005
450,2773.0155545805824,1,1,5.353444070237739,12436.840672267745,2.5460875000000005
451,11.132389816556744,1,1,869.8313266041126,65240.23448824839,2.5460875000000005
452,0.8422743794486646,1,1,1.8958240059981781,50.47715070865132,2.5460875000000005
453,0.06102555550036458,1,1,144221.10763217133,16097.55798693396,2.5460875000000005
454,144.71614427195655,1,1,2.585158447762138,974.3616917557617,2.5460875000000005
455,8050.082513475482,1,1,4.735684845445384,288.9279643569095,2.5460875000000005
456,25.408687624341052,1,1,99234.46006883375,1186.020815850328,2.5460875000000005
457,85.29267401084444,1,1,1771.0894868358166,256.10352162761495,2.5460875000000005
458,185.0537712368629,1,1,897.5160960349577,4240.6977413197565,2.5460875000000005
459,0.46438553699925794,1,1,1322.2917825821803,81.31841933041261,2.5460875000000005
460,3.687524255122029,1,1,7815.732095252228,35105.17474547632,2.5460875000000005
461,0.04177705416348,1,1,4736.42356890905,18253.634027527176,2.5460875000000005
462,232.52081477319925,1,1,259369.456809645,1.6871092847317124,2.5460875000000005
463,8.569226898988125,1,1,69.45478910755982,4.1987903204795884,2.5460875000000005
464,3.9403623304811886,1,1,12702.799226082445,99839.68854403854,2.5460875000000005
465,2568.0970541986285,1,1,283216.7898884006,0.14721988474268158,2.5460875000000005
466,0.10660781487297827,1,1,24.0416053841623,80575.26961997888,2.5460875000000005
467,426.22091944954065,1,1,290.7860779659918,11330.98035507284,2.5460875000000005
468,0.04713088818852964,1,1,1.749883161921842,0.36975980090431093,2.5460875000000005
469,767.2333269118895,1,1,22641.48874019145,14.75890805523511,2.5460875000000005
470,0.01914578742782557,1,1,341223.2438096934,6.133692167070339,2.5460875000000005
471,0.20764322341219937,1,1,24.858350162367753,14.493298901127494,2.5460875000000005
472,1.4245675520971994,1,1,1.3961152433591788,0.11303976615943241,2.5460875000000005
473,28.940868792583135,1,1,8353.373368155912,90.46188098906083,2.5460875000000005
474,4.221218250126385,1,1,56.344172683355055,10327.218058078199,2.5460875000000005
475,0.5110090432364199,1,1,5.036313519989533,0.1269888686902176,2.5460875000000005
476,12482.62646828357,1,1,2.244091363596147,2622.6719893865816,2.5460875000000005
477,0.35372632836361767,1,1,73593.10660926484,7.65641410143937,2.5460875000000005
478,17.454687278994726,1,1,121132.53275349441,61277.010871702456,2.5460875000000005
479,4121.663479153376,1,1,21951.558902352488,0.5842628348559332,2.5460875000000005
480,3854.319576999781,1,1,57961.82219982803,11.031601461677916,2.5460875000000005
481,4931.0876238444525,1,1,397290.0204725956,24977.16012513104,2.5460875000000005
482,0.7157138275314049,1,1,3287.2180142166944,15.06176946899799,2.5460875000000005
483,389.31618393223226,1,1,9.236257643262045,0.7983083295388493,2.5460875000000005
484,0.9436255635167063,1,1,671977.4615738835,0.5431513229553881,2.5460875000000005
485,2867.636684753875,1,1,489572.306944995,1216.9360987452214,2.5460875000000005
486,81.03918467871345,1,1,1.504794922171873,1164.088172838844,2.5460875000000005
487,7223.7741521706685,1,1,1032.77404786923,39183.967217604295,2.5460875000000005
488,2509.5231050883012,1,1,1148.399671784143,0.41551431065536126,2.5460875000000005
489,0.018526146483974493,1,1,70209.16520662278,1841.2536747863026,2.5460875000000005
490,0.10499556696434327,1,1,53.8063553473765,90.81521024329655,2.5460875000000005
491,265.7631072852055,1,1,229.71552338131158,3.237768260554573,2.5460875000000005
492,0.07253662014122637,1,1,48.41870971540375,0.5268810883859112,2.5460875000000005
493,0.10041853587675066,1,1,22.845515670308206,482.9195751115224,2.5460875000000005
494,38.766935913629005,1,1,469449.08753678645,15824.827190932598,2.5460875000000005
495,0.2208791983108263,1,1,985.6159407966364,4782.113755359964,2.5460875000000005
496,407.66341907658256,1,1,3482.0954011761733,25.477345117091573,2.5460875000000005
497,0.12632164313541747,1,1,15052.902409112452,55065.497569610205,2.5460875000000005
498,2231.3153073397043,1,1,11.982944771898913,11.65959459960855,2.5460875000000005
499,2.3220366648378965,1,1,200427.49080916596,3195.260070380114,2.5460875000000005
500,11132.043764313887,1,1,15990.70924206789,8723.71376290763,2.5460875000000005
501,20.726547509660282,1,1,711.5251583485542,5.562766200072017,2.5460875000000005
502,671.5814330859603,1,1,10.128292856892925,570.5095842118548,2.5460875000000005
503,0.23871620797269572,1,1,4.337475409744623,67.07547537206698,2.5460875000000005
504,7.418722159231185,1,1,2.52354520933261,0.9941120251586396,2.5460875000000005
505,0.02470702146348062,1,1,29.139497503473393,9.403995260214566,2.5460875000000005
506,2960.936422785467,1,1,2337.691065202703,7218.979655276346,2.5460875000000005
507,6982.4260439031705,1,1,48903.5534992431,5.0658924985216345,2.5460875000000005
508,2.4360824342805714,1,1,27.475379570402403,284.1118582383229,2.5460875000000005
509,1.0592464691989083,1,1,1.7266352595607246,23407.9140194567,2.5460875000000005
510,151.59892006886895,1,1,0.9032227661689618,49637.01154916286,2.5460875000000005
511,21.431418954223634,1,1,14.103661065370742,0.7060665912604178,2.5460875000000005
512,0.02138418860854658,1,1,482.82211115047346,9.522371701645948,2.5460875000000005
513,0.01729076665231277,1,1,198669.60559268933,62.87463686853442,2.5460875000000005
514,0.04865257594252046,1,1,36261.63289949889,57203.67577978947,2.5460875000000005
515,0.028525715358686105,1,1,3390.6921242262024,19461.94130923647,2.5460875000000005
516,57.28625841466493,1,1,17027.080720170874,133.9926175301069,2.5460875000000005
517,348.2938004758824,1,1,3827.8086724307946,4.066166493917973,2.5460875000000005
518,0.7985299591842572,1,1,476.96379976101974,3386.2872602879643,2.5460875000000005
519,117.4819707572,1,1,68932.46389765792,38.82781431322947,2.5460875000000005
520,0.015968028010535158,1,1,366.68622560957544,121.61133172071192,2.5460875000000005
521,52.497382691838375,1,1,1.3513240624176364,6.6804758824571095,2.5460875000000005
522,1728.9766829537912,1,1,12229.80255053151,3.6668439207807793,2.5460875000000005
523,217.23358002677094,1,1,0.7439887655537804,17588.912051534193,2.5460875000000005
524,1286.5584183479216,1,1,1169.059613578964,1146.9998983076748,2.5460875000000005
525,0.03826392040526981,1,1,15.041249994392944,3206.897412390773,2.5460875000000005
526,1.3177977091077862,1,1,3.525793521248006,28682.427870726176,2.5460875000000005
527,13.637199233696979,1,1,31.058957605212093,8.781435884826042,2.5460875000000005
528,39.97082654638714,1,1,1.839901060038389,206.23031873699577,2.5460875000000005
529,1.91045851235448,1,1,17.100800565257245,2.4220932010036065,2.5460875000000005
530,6.689800067619362,1,1,127.87017074375503,305.4531846995146,2.5460875000000005
531,1420.3357688795622,1,1,478556.9489320364,50984.46931519005,2.5460875000000005
532,4.19135771972446,1,1,14278.112284163864,33.30290012615784,2.5460875000000005
533,0.03929689226257084,1,1,263506.90499618335,38021.41018456749,2.5460875000000005
534,0.07370734579342263,1,1,2215.1092417770074,4.986578601238048,2.5460875000000005
535,2.505340114748403,1,1,1.4765172465987637,1595.0132879402572,2.5460875000000005
536,1375.857992152482,1,1,497.33906967975855,0.22873347435670782,2.5460875000000005
537,11623.120741809935,1,1,77.959096081498,475.8347843003407,2.5460875000000005
538,0.06545952915190366,1,1,246.47420009490583,0.16766789978868268,2.5460875000000005
539,0.04759610245506987,1,1,1.3275664240782095,0.52017414440077,2.5460875000000005
540,18.750239347637486,1,1,444.3063463258373,18716.077016581,2.5460875000000005
541,0.12029220717261503,1,1,514.3132065498575,4966.864740489514,2.5460875000000005
542,229.65560041384975,1,1,881.9353658120853,0.10407563967285087,2.5460875000000005
543,23.84152523398595,1,1,127106.2567188745,917.7957366855211,2.5460875000000005
544,49.365362428153986,1,1,237.1450741032206,13144.247351437389,2.5460875000000005
545,14.950332541697971,1,1,10.56119339429509,10.59888100199272,2.5460875000000005
546,799.5283244681544,1,1,6728.556451475066,12304.703476909028,2.5460875000000005
547,521.487145869149,1,1,26702.057635792018,1.7368821483754504,2.5460875000000005
548,358.0857491938573,1,1,3.4372847328385703,0.2248920241513164,2.5460875000000005
549,75.01002887346829,1,1,242334.4632914742,868.5105852611943,2.5460875000000005
550,0.3883069223990509,1,1,3092.2996450007076,227.61049948301485,2.5460875000000005
551,755.8712285583633,1,1,21826.825566416883,2.985188079422359,2.5460875000000005
552,2035.520658949499,1,1,583374.2935935907,15.252551612758218,2.5460875000000005
553,882.0050115067606,1,1,12.54919419564205,30.220823441976076,2.5460875000000005
554,2.616730371283433,1,1,415240.1773290756,27.768520277835357,2.5460875000000005
555,0.07640913424560722,1,1,253.90739593649553,0.36613281303192496,2.5460875000000005
556,1331.0327318423517,1,1,6844.4587901906825,7.855320590290543,2.5460875000000005
557,0.03432496158860729,1,1,5588.033537758801,670.2770063618958,2.5460875000000005
558,0.03354913423300057,1,1,343233.1890309262,10.744523750337024,2.5460875000000005
559,6411.559210601545,1,1,332648.96720076405,1.4075162007636708,2.5460875000000005
560,30.220585539064093,1,1,840.1952731548803,899.3875498521486,2.5460875000000005
561,55.902232458192294,1,1,1758.737913966484,0.1135728646838888,2.5460875000000005
562,1.0004151790314506,1,1,25.670620911460933,55235.46050444006,2.5460875000000005
563,18.60669867506585,1,1,22.33459323721824,538.810778055535,2.5460875000000005
564,1553.5785290306424,1,1,81351.16145524256,38.31018774727249,2.5460875000000005
565,1.4110409896603655,1,1,19.941445304976764,0.431354615559674,2.5460875000000005
566,83.74002986302476,1,1,3.1524265754726675,22.20879515298197,2.5460875000000005
567,13.917403132659295,1,1,16.146556211774033,0.2609363981269432,2.5460875000000005
568,1.859202951579481,1,1,47.26097649114166,209.53734768707227,2.5460875000000005
569,187.52348009248536,1,1,52943.31586351384,45041.59668837208,2.5460875000000005
570,0.6887728683948919,1,1,916.4914290577291,9300.48051842259,2.5460875000000005
571,3.8217968137777953,1,1,24177.201496612597,22.95708250323704,2.5460875000000005
572,945.142637903391,1,1,3.914234518533726,74441.29402795121,2.5460875000000005
573,98.32211327517365,1,1,1.9597357925546326,313.05678794263486,2.5460875000000005
574,9.2024985093772,1,1,39865.70999061955,0.11879483388474986,2.5460875000000005
575,0.025847399013074018,1,1,762.5159935930271,184.92014254153986,2.5460875000000005
576,12887.260670290325,1,1,3360.639344126828,539.8880235626888,2.5460875000000005
577,1521.1233752641967,1,1,38.77526214495574,71.20532803852322,2.5460875000000005
578,10751.648487192777,1,1,0.9182080021561603,0.6045660954281137,2.5460875000000005
579,0.5605489128054489,1,1,244.11713444326028,0.11763735491066414,2.5460875000000005
580,2717.136822686945,1,1,62823.03912903702,3149.7319466392837,2.5460875000000005
581,5039.238171386486,1,1,66527.21133315437,2451.831352760782,2.5460875000000005
582,8628.91177113899,1,1,31488.899726271768,50707.5498404493,2.5460875000000005
583,8116.1240617479025,1,1,227.93067676349088,0.21424292848395254,2.5460875000000005
584,0.029013089128461633,1,1,2.4682066403413674,15068.616986803141,2.5460875000000005
585,300.16822219355186,1,1,80.5617368492333,1.1797743795714095,2.5460875000000005
586,0.14469735798249833,1,1,5962.840940661965,588.8253179099497,2.5460875000000005
587,5291.99657730986,1,1,1700.2472435663008,250.16082437807745,2.5460875000000005
588,0.05876543043526583,1,1,96057.96382802766,25.21411088775755,2.5460875000000005
589,200.49411780193049,1,1,12200.468789968869,0.24781361752441833,2.5460875000000005
590,393.7883638427989,1,1,72.79144289427408,1.8020302520553828,2.5460875000000005
591,89.49966339408539,1,1,17.773279525930647,39.18755067987589,2.5460875000000005
592,6476.068151847053,1,1,8.709201616238808,5.822217544544718,2.5460875000000005
593,86.9652235417543,1,1,38.46554125759197,31.032333921454278,2.5460875000000005
594,0.9196805481129907,1,1,425963.1506918053,0.7540999678820363,2.5460875000000005
595,130.2341025446442,1,1,10586.934808224794,3.3000841355112485,2.5460875000000005
596,10.447138762988216,1,1,330.5253861460741,2727.8076533332005,2.5460875000000005
597,0.963141204594801,1,1,47550.17523114735,1960.7037182514437,2.5460875000000005
598,5.485028078412711,1,1,74723.53239889895,29289.886782401114,2.5460875000000005
599,20.540730646630372,1,1,145.43354544471424,132.84664557051576,2.5460875000000005
600,0.41583871155218033,1,1,10.00442970470186,7.51582624266458,2.5460875000000005
601,7056.309587327696,1,1,2203.859655074764,3.880711314188007,2.5460875000000005
602,3.914408681593147,1,1,1.6314319138467317,6278.554285065401,2.5460875000000005
603,0.022827898168732506,1,1,2109.0212939780845,0.7385662258920831,2.5460875000000005
604,0.8822811618037999,1,1,32.543046290516635,37940.220292750266,2.5460875000000005
605,0.35563811914384436,1,1,40773.558533633266,2.063502174880677,2.5460875000000005
606,0.19737042275353162,1,1,558.2905841207256,72.79677387616634,2.5460875000000005
607,290.6509293880496,1,1,3051.5456385269295,1.8627665925376304,2.5460875000000005
608,115.02195466820513,1,1,2.0470103139966302,41.5859838309716,2.5460875000000005
609,0.03292172072016825,1,1,69.97945748535714,4.567469661427798,2.5460875000000005
610,902.5630448227165,1,1,2.5421265559113033,5360.815390227212,2.5460875000000005
611,2.0070052833237737,1,1,13.490353734272126,342.94057347928026,2.5460875000000005
612,0.1505881785857846,1,1,0.8030826604447896,4691.894803143715,2.5460875000000005
613,125.7566557143972,1,1,286320.12454423954,60.076057726136916,2.5460875000000005
614,3898.2023634298243,1,1,3620.131462804362,173.56423826595105,2.5460875000000005
615,0.02648533753438385,1,1,462818.30206617404,469.4285825480274,2.5460875000000005
616,0.19454273411906564,1,1,5.115211783700391,0.32665153023463644,2.5460875000000005
617,0.6014549122601731,1,1,38204.82717462133,375.4029167405484,2.5460875000000005
618,27.66269878868982,1,1,0.8692710944884456,181.8364873596222,2.5460875000000005
619,0.4411147414156097,1,1,1.0162365836439262,2.633935057021765,2.5460875000000005
620,0.1219086083158682,1,1,217.00723147593905,32.21699897769595,2.5460875000000005
621,5.793756946062702,1,1,206.79100413591436,485.53455847258806,2.5460875000000005
622,43.77481993883787,1,1,2122.5049601084424,1781.5354037577565,2.5460875000000005
623,78.4699098151982,1,1,63491.26296677216,7718.415881365114,2.5460875000000005
624,8.510164361154409,1,1,1230.137029133806,3341.617546336312,2.5460875000000005
625,42.652062073473466,1,1,3.2761033450833565,29.405414704518304,2.5460875000000005
626,22.409429064452564,1,1,11.077766342635591,0.40143457241628977,2.5460875000000005
627,0.016174175844376606,1,1,96.53021452353869,64675.92822214698,2.5460875000000005
628,7.536320315143491,1,1,35283.76322657242,42676.27692497173,2.5460875000000005
629,0.028081979716392057,1,1,56626.16560201,80.14464221685421,2.5460875000000005
630,2787.6869929522004,1,1,160239.34576819613,60599.7393007379,2.5460875000000005
631,2.8304486869254353,1,1,204.54967695946448,83.68220517966985,2.5460875000000005
632,35.31004380159436,1,1,49820.45965025925,16911.525202521683,2.5460875000000005
633,0.05365943524326485,1,1,123.88491649920536,1.9241051736674237,2.5460875000000005
634,506.3903751442669,1,1,1.187448723786018,5.7350076049953405,2.5460875000000005
635,2.244392855739869,1,1,27.10800275618761,26910.41795131198,2.5460875000000005
636,28.076510254487538,1,1,118.74600969671741,0.6141659726563967,2.5460875000000005
637,5.259278959070729,1,1,17818.917253852225,3072.9675707457864,2.5460875000000005
638,0.09266448558998283,1,1,712997.781648787,1.140896791340764,2.5460875000000005
639,6230.867258749734,1,1,1920.5115958926751,2.8533138281572876,2.5460875000000005
640,350.0384277119607,1,1,38518.55431804554,4.678828064691077,2.5460875000000005
641,0.20540224463354195,1,1,178.10147231861313,55.43909399005024,2.5460875000000005
642,257.2609596229592,1,1,6.018831556915069,2767.4186378682757,2.5460875000000005
643,41.10014966959265,1,1,1.7952181935624294,99.49451082850331,2.5460875000000005
644,1174.616795374476,1,1,4.263949258103944,1.374001495811618,2.5460875000000005
645,3241.112491369988,1,1,290473.7968376733,36.66596256950927,2.5460875000000005
646,0.04343244543770354,1,1,1.620067122415079,0.11589305713370532,2.5460875000000005
647,0.13777686440720124,1,1,6.738143737343877,0.12238273554566909,2.5460875000000005
648,0.03486834171850031,1,1,4062.523758251219,26.012007210100894,2.5460875000000005
649,3.7459786246020776,1,1,726.7669164365501,0.16529344070700036,2.5460875000000005
650,13.477044396731873,1,1,1392.9257564610823,1667.3144131606884,2.5460875000000005
651,76.64720857047716,1,1,33.196483151159306,4175.396424642725,2.5460875000000005
652,0.307344702247953,1,1,180095.1851502604,254.75618304004593,2.5460875000000005
653,74.44832137986258,1,1,6.994826774442028,0.13817179385708853,2.5460875000000005
654,696.2148589716668,1,1,11.423394301005983,85754.73212478436,2.5460875000000005
655,3.63053897370444,1,1,4033.6082078377904,121.1560248023251,2.5460875000000005
656,2.6464940304492064,1,1,5.662688213579407,11.353858376197254,2.5460875000000005
657,3.982088446435922,1,1,91439.4119346146,2109.837751662767,2.5460875000000005
658,0.2365380061598244,1,1,208.65511398482235,152.42023957265752,2.5460875000000005
659,109.70930367353411,1,1,10.844855471597965,396.8769408807796,2.5460875000000005
660,10.620689765437817,1,1,1297.1600287725823,728.9498118153999,2.5460875000000005
661,43.06760101219367,1,1,541785.6649943634,0.38806743462053833,2.5460875000000005
662,9549.842244336844,1,1,12.28592989441235,6828.232026695384,2.5460875000000005
663,6.256995981106924,1,1,5.904601741829739,0.17670210270854803,2.5460875000000005
664,961.8381964930585,1,1,128234.48402044736,0.3183456675903877,2.5460875000000005
665,0.03195216542143482,1,1,9.6205506141115,8.900833513361455,2.5460875000000005
666,68.43663539301146,1,1,11795.857836400224,190.13151723249348,2.5460875000000005
667,561.0630876582785,1,1,6.567342110372183,8144.942160182446,2.5460875000000005
668,0.05200218233572518,1,1,1527.172204490446,0.26308977223128927,2.5460875000000005
669,5803.409244912331,1,1,1.413053829198559,0.10081828658855063,2.5460875000000005
670,0.38517970779773647,1,1,708.9469473496357,4.2634017498964125,2.5460875000000005
671,16.48949059279215,1,1,169.88390190642158,158.27911932058223,2.5460875000000005
672,0.28129439302364173,1,1,363.3218535309093,824.252259401201,2.5460875000000005
673,494.9178479328646,1,1,2.638460791905485,6077.69300247808,2.5460875000000005
674,6154.837060077316,1,1,295.4307388117472,2.2690496978621093,2.5460875000000005
675,0.0703726566877072,1,1,360045.73449207435,0.39364209808894085,2.5460875000000005
676,0.8622563098452796,1,1,2.7336526786505715,47051.95756043475,2.5460875000000005
677,0.16572409785126768,1,1,20189.108001620225,0.2803425202774746,2.5460875000000005
678,19.129048817891277,1,1,5703.601350736332,732.781683191689,2.5460875000000005
679,66.07791170916654,1,1,2558.548416419163,1638.6879288489185,2.5460875000000005
680,17.21020919591342,1,1,2150.481441300487,28977.0197052636,2.5460875000000005
681,0.21166316492036216,1,1,26.554574409910373,4.746502911757631,2.5460875000000005
682,654.0003508960476,1,1,1839.4066691231728,306.7061286729732,2.5460875000000005
683,13474.041584440538,1,1,11250.988562189574,28.369400823911143,2.5460875000000005
684,0.05227665098600856,1,1,179.42346212490085,1311.471135159303,2.5460875000000005
685,70.48147039378553,1,1,226538.44294605867,648.2896174092931,2.5460875000000005
686,7.325049406479866,1,1,9152.802938730409,89407.46488092869,2.5460875000000005
687,0.027348447963688044,1,1,797.0031530389314,18.314841444776935,2.5460875000000005
688,4178.786115212398,1,1,24.245756327232687,3685.8063051299387,2.5460875000000005
689,0.49713627074901223,1,1,13923.36892761746,15.831994259739258,2.5460875000000005
690,0.06905258461553278,1,1,150.8976111235837,2.79038802478875,2.5460875000000005
691,5.746752060566599,1,1,62366.22738164284,18.93945816824017,2.5460875000000005
692,5.243457385444886,1,1,3674.9542441681147,4824.266621404117,2.5460875000000005
693,1076.7242809972397,1,1,125708.17224846288,0.9120049872045927,2.5460875000000005
694,0.057619003745062396,1,1,410.02659838081286,4.490792255832063,2.5460875000000005
695,50.82675579590408,1,1,76661.65151739733,0.24346576374230355,2.5460875000000005
696,0.43279798324048285,1,1,12.817937574979409,40131.45852864568,2.5460875000000005
697,1650.9361474616985,1,1,92.02436952907803,0.17327722475849175,2.5460875000000005
698,11.938404969727129,1,1,565.2965574874419,223.959456793576,2.5460875000000005
699,2.9752652836570865,1,1,6355.723923138118,0.588125889392523,2.5460875000000005
700,0.25303346723978654,1,1,5.13268969624404,0.37331577276702377,2.5460875000000005
701,3.306909885337762,1,1,277.4942935832885,550.1316634255722,2.5460875000000005
702,0.7848147471247948,1,1,3.2950723017346695,382.3833656761838,2.5460875000000005
703,0.0957230346969053,1,1,7508.294418228533,28267.118240742817,2.5460875000000005
704,4001.332299155993,1,1,5080.052716598365,2067.950505335926,2.5460875000000005
705,1.5373994072091455,1,1,3.9775170563058766,18.094955945552762,2.5460875000000005
706,127.04126786756062,1,1,17442.780419146027,2699.4460056184503,2.5460875000000005
707,1.0898292192392158,1,1,266.1821422896154,434.77959692978845,2.5460875000000005
708,4.962376513110572,1,1,9503.265214169862,75.83187898834593,2.5460875000000005
709,0.20070011111375652,1,1,8880.455085753141,0.41280243672186984,2.5460875000000005
710,6.7627254286862915,1,1,301194.87174881,113.1953956359737,2.5460875000000005
711,287.34291852128456,1,1,35.880316542250476,52.12349961833025,2.5460875000000005
712,0.01789658875405387,1,1,59829.28391372807,13407.931243444396,2.5460875000000005
713,4264.54491986437,1,1,18334.999985159986,439.59629868899304,2.5460875000000005
714,1.1418697942405271,1,1,10.674572274636876,26.429452893643287,2.5460875000000005
715,843.0157273092842,1,1,1632.8970917571326,1.0115746632529463,2.5460875000000005
716,117.62794978771542,1,1,82.66907385100475,40513.25303901286,2.5460875000000005
717,15.10285785860364,1,1,52.1630345532694,0.654898965254685,2.5460875000000005
718,7126.674531878432,1,1,1045.5312036376874,9587.065131736306,2.5460875000000005
719,6.072244825172235,1,1,64403.45168472087,58.83464099267943,2.5460875000000005
720,3.0412695743469804,1,1,6.868935816356654,3462.62368003235,2.5460875000000005
721,0.037252751029216415,1,1,13.257180088152394,0.6007398297661379,2.5460875000000005
722,202.48512993791388,1,1,300.3014549007762,101.05849194553967,2.5460875000000005
723,0.5574894650937037,1,1,281204.3432611567,2241.0972424228426,2.5460875000000005
724,2339.9582620256233,1,1,52696.714742166754,166.65622418480382,2.5460875000000005
725,4492.369343981057,1,1,113418.8645502192,159.96639510616558,2.5460875000000005
726,45.75263416271437,1,1,15474.863118825813,10706.21654781595,2.5460875000000005
727,0.027136967767033074,1,1,19885.508989100843,177.92221939207639,2.5460875000000005
728,100.39741848239028,1,1,4.031483866096668,22782.320175706893,2.5460875000000005
729,924.0640627660623,1,1,164.29832983960333,711.4720346558678,2.5460875000000005
730,2.143417281800343,1,1,402.3204601006299,1105.7142715139587,2.5460875000000005
731,0.04150806669945467,1,1,0.8486461952851865,0.6985169838256703,2.5460875000000005
732,88.55840738790525,1,1,661267.0844332691,13.182486647182788,2.5460875000000005
733,4372.60762600171,1,1,20779.303927099238,65.27295383042632,2.5460875000000005
734,825.0131152809129,1,1,1660.4657105350786,69016.34308757327,2.5460875000000005
735,0.04801108848840819,1,1,25683.09852952951,127.9906116334755,2.5460875000000005
736,0.058997350702897945,1,1,85842.56571491143,2.450494659298111,2.5460875000000005
737,0.06731731991415145,1,1,11547.208991310716,12764.809827064968,2.5460875000000005
738,1.7232876515506332,1,1,624.2666685825195,1033.1442367511909,2.5460875000000005
739,70.80358220146138,1,1,111323.63152261154,2.35964426032661,2.5460875000000005
740,7.806897548261765,1,1,1739.4186092015068,5604.3104866652,2.5460875000000005
741,72.40729615998069,1,1,3.6145273323094878,3.286098126568345,2.5460875000000005
742,171.8618259062916,1,1,1.1749814059479728,46501.36124566583,2.5460875000000005
743,0.18814924321748588,1,1,941.0995268568145,0.6917371830179802,2.5460875000000005
744,399.6733783776731,1,1,6808.714391950639,1137.240550685769,2.5460875000000005
745,1.5880972248067264,1,1,30171.631486011913,54085.01579156452,2.5460875000000005
746,5.880593467690225,1,1,3763.0730565551225,381.57387862753046,2.5460875000000005
747,0.3797205043508823,1,1,168.3785763392836,0.7159135511014222,2.5460875000000005
748,0.9312744084739177,1,1,18631.40058672566,8497.804782634648,2.5460875000000005
749,0.28628843624676087,1,1,87.6479199082365,0.21962947507714214,2.5460875000000005
750,8.31203814704051,1,1,3.6321413053220675,6.890002625478671,2.5460875000000005
751,1928.588631150973,1,1,13058.864344078009,1.1955013153690874,2.5460875000000005
752,44.27163504580092,1,1,128.73394138653586,0.13453431614297992,2.5460875000000005
753,588.6359112498062,1,1,23625.300438224705,0.6375230689194985,2.5460875000000005
754,0.3244385526082282,1,1,24.46182876344767,53.05391435617734,2.5460875000000005
755,34.56170001952214,1,1,819.1706845240273,2824.245307043607,2.5460875000000005
756,0.6684276262676573,1,1,221912.29856000748,0.294479273965698,2.5460875000000005
757,192.3178982676499,1,1,1.4174082842612883,1.0627900555658802,2.5460875000000005
758,3429.1258911654236,1,1,151.8189868152692,2338.92130525016,2.5460875000000005
759,2.807893886615683,1,1,269930.98092505237,52092.18341558742,2.5460875000000005
760,0.45968644975307227,1,1,106407.75234675939,3282.865257464067,2.5460875000000005
761,193.40987980271777,1,1,1865.3466347575757,1463.8616172531445,2.5460875000000005
762,0.17052542406318383,1,1,132819.20203076757,3.046630869884156,2.5460875000000005
763,30.448893215798098,1,1,40.45694019552025,7.431340849307997,2.5460875000000005
764,0.029668371586169504,1,1,6298.903916338402,1114.741150882038,2.5460875000000005
765,0.05022547064387872,1,1,536.5505796672509,87.53758258253916,2.5460875000000005
766,0.08774664521404534,1,1,92551.54243780502,631.8402148453418,2.5460875000000005
767,0.025023552352754358,1,1,5.544000438846141,454.03078208380964,2.5460875000000005
768,4843.688685251544,1,1,2.22052743648511,0.25922837862945475,2.5460875000000005
769,7.076139479235747,1,1,1.9822936627322483,400.53407912551376,2.5460875000000005
770,222.45369220466026,1,1,22.031975540548306,0.24160071658048207,2.5460875000000005
771,12.800773089106126,1,1,33531.639086143005,5313.44644599217,2.5460875000000005
772,5553.493701591097,1,1,7.212253619057222,0.15054848651922176,2.5460875000000005
773,439.1200015685173,1,1,1.6992172232849596,0.5352518432276895,2.5460875000000005
774,0.01632603838757912,1,1,13.43074730152163,97614.05245305701,2.5460875000000005
775,12.337483092626531,1,1,23.476406889099334,17.120531485950043,2.5460875000000005
776,333.6132319251986,1,1,25384.896511282666,7848.097908434521,2.5460875000000005
777,3.0142740397607644,1,1,319.8581127082487,171.33557187701481,2.5460875000000005
778,0.036026518263619633,1,1,744.2515272814879,0.1617649818679202,2.5460875000000005
779,8296.116436642362,1,1,251.2302953674974,10.142818958654873,2.5460875000000005
780,0.026245147491810308,1,1,1.5761632395140583,92.12273340636284,2.5460875000000005
781,174.40454885178804,1,1,49.013456024472674,3941.8130542577255,2.5460875000000005
782,0.4086525116812195,1,1,274795.92565274716,2.2116249790538607,2.5460875000000005
783,7521.631184479061,1,1,4.612526876614997,1.0255257865394425,2.5460875000000005
784,8.878452657782553,1,1,37039.284702831406,0.15734746588730567,2.5460875000000005
785,0.12461751986753719,1,1,27031.046808918483,59.538717394073785,2.5460875000000005
786,0.1768591784321612,1,1,15.34002343482531,0.288464768528769,2.5460875000000005
787,16.07679837502209,1,1,3.7085506305673337,26.82992274736857,2.5460875000000005
788,0.019370049876225936,1,1,11627.539737548424,0.5036180514888899,2.5460875000000005
789,301.2178285571045,1,1,1204.5650643672363,3086.414500962789,2.5460875000000005
790,14759.535083300098,1,1,4381.971010033384,1296.018191226202,2.5460875000000005
791,0.07662493992105883,1,1,67.30460512927573,1.4205119472583363,2.5460875000000005
792,10590.691940925411,1,1,5.833182776819412,6.18800801148254,2.5460875000000005
793,8890.643877250805,1,1,517.4011075399908,496.5778233642589,2.5460875000000005
794,9.60548495152516,1,1,13109.29939932652,0.14368782250639678,2.5460875000000005
795,1.120770740512088,1,1,14930.709748563604,20.211709204641725,2.5460875000000005
796,63.225392942357686,1,1,1.1013596425729992,37.973241474036264,2.5460875000000005
797,0.015480388836778634,1,1,4.579266771341292,3504.4665559768896,2.5460875000000005
798,29.578233042519958,1,1,51.311708046828564,104.78373811539177,2.5460875000000005
799,2.0639907549433163,1,1,1.8474752960196505,34.079726195664875,2.5460875000000005
800,492.66730719094704,1,1,9.021224258036677,45724.0006147439,2.5460875000000005
801,789.7563188053621,1,1,6.768264740633349,566.7125984685314,2.5460875000000005
802,1347.6342768360319,1,1,8.253272040967135,2386.028623088343,2.5460875000000005
803,2067.088044546306,1,1,2664.5479439454275,9.227889652267216,2.5460875000000005
804,5984.176348556068,1,1,2.284948610175624,4.339200805639359,2.5460875000000005
805,0.03945577321389706,1,1,5283.464769135108,7987.680778992117,2.5460875000000005
806,0.1830428810318669,1,1,123008.16144449654,128.26067267538454,2.5460875000000005
807,0.08522954510222483,1,1,384.19460512402975,0.358510253499487,2.5460875000000005
808,1.778751803988167,1,1,1.688879266893777,21296.683972146766,2.5460875000000005
809,9960.762673930505,1,1,599.984519349849,767.9148284649054,2.5460875000000005
810,2.287891892591883,1,1,224.72633309577287,137.55728484882624,2.5460875000000005
811,121.9282003695411,1,1,3.3554303849291753,2.3723169148660705,2.5460875000000005
812,0.1339600410038884,1,1,2570.576584596996,2.020211406199264,2.5460875000000005
813,1013.7446098434481,1,1,1555.533488654576,0.3854708074648247,2.5460875000000005
814,4628.264768266249,1,1,2418.5848456103417,3803.63841972837,2.5460875000000005
815,0.09808804970662623,1,1,1604.9000972209076,1401.8598394286062,2.5460875000000005
816,0.421456313818953,1,1,43684.29213757536,5.723503331082028,2.5460875000000005
817,1050.5579393858773,1,1,258.6945401605954,48393.90486146437,2.5460875000000005
818,0.5068999445068331,1,1,7.773592343155565,2552.60850115043,2.5460875000000005
819,57.726073220443816,1,1,252437.69404013196,21.4304119871179,2.5460875000000005
820,0.02198004065729888,1,1,9607.437648150959,114.92130871723595,2.5460875000000005
821,4.438557712752398,1,1,12015.226872250701,4601.980234726654,2.5460875000000005
822,3.196761330668218,1,1,5.419204079638498,13814.192878162434,2.5460875000000005
823,8.2416138225348,1,1,53.03371391019569,0.4249434521010382,2.5460875000000005
824,0.4913038848992784,1,1,6510.018320300844,2651.848733429648,2.5460875000000005
825,0.1302771985701163,1,1,2618.7156144431256,9.727133977144675,2.5460875000000005
826,0.245601219284536,1,1,306.6890024094869,0.6339477046132607,2.5460875000000005
827,0.044763414784077284,1,1,31.88809087297067,0.9528065343378858,2.5460875000000005
828,377.00895471874844,1,1,103.25907646201912,0.22094844787955417,2.5460875000000005
829,631.5394527718963,1,1,2075.9171468837785,5737.337914631043,2.5460875000000005
830,90.4151359453926,1,1,3028.2579881399433,31.7427903102022,2.5460875000000005
831,1269.4923998687912,1,1,429.57554132365226,164.27066279243468,2.5460875000000005
832,2.593671428372139,1,1,434.48802947577275,0.5677161278102497,2.5460875000000005
833,41.25193750080755,1,1,14728.652892602988,2191.7881314548586,2.5460875000000005
834,0.9549798855847288,1,1,9.805881608156383,1752.3242294817574,2.5460875000000005
835,175.5678699346397,1,1,3.737157018263133,116.41501709722363,2.5460875000000005
836,4.561716649670853,1,1,11.69604021725812,11678.612847366318,2.5460875000000005
837,3.4227063983171417,1,1,681.5625939823839,14593.920239087205,2.5460875000000005
838,5395.717642015209,1,1,36.09578958315289,29961.73939842385,2.5460875000000005
839,162.1762367991553,1,1,68.49791625788666,0.12468048561557316,2.5460875000000005
840,0.3665651071105558,1,1,21.344302298703273,1.083569912970389,2.5460875000000005
841,239.57090143976708,1,1,137320.6624324507,27.09045766670362,2.5460875000000005
842,374.7530333325619,1,1,12.597928402294734,1506.7659312975038,2.5460875000000005
843,1.1487707724682183,1,1,82940.34184210564,216.98432013270516,2.5460875000000005
844,4.371635761783905,1,1,2809.499359194285,0.1962007540059842,2.5460875000000005
845,8.144039305081668,1,1,163317.9080944989,11.516865957072653,2.5460875000000005
846,0.020099990292065432,1,1,88.74696505914697,3.186339527973938,2.5460875000000005
847,11.266353208155719,1,1,191618.55757966748,25203.239405613956,2.5460875000000005
848,4313.067544343422,1,1,407.55620424772417,47.01194659679387,2.5460875000000005
849,2425.9206594543543,1,1,2.855123922922379,268.92450818568744,2.5460875000000005
850,6.389197594907494,1,1,204002.4683199961,131.13428106577067,2.5460875000000005
851,79.09739729983144,1,1,8705.329392115364,0.4397650482592624,2.5460875000000005
852,1.6918772726930247,1,1,7.474509227225263,44520.82729754317,2.5460875000000005
853,10305.814951453913,1,1,3208.898720899656,0.18116789133456712,2.5460875000000005
854,156.62364770393083,1,1,279.6615040197223,6.985835481989061,2.5460875000000005
855,17.544995201546712,1,1,2.1681653628305133,245.15488102415145,2.5460875000000005
856,623.057543711047,1,1,4.842600044851367,195.28996950293543,2.5460875000000005
857,1087.1082711781737,1,1,2871.0442806648402,125.48617637381822,2.5460875000000005
858,4.625372943928562,1,1,94.72120820915471,4.399470996887645,2.5460875000000005
859,153.3462894940528,1,1,57.689933521061675,781.1439777257157,2.5460875000000005
860,0.27197518192054,1,1,773.4487859862775,950.1559830509352,2.5460875000000005
861,1712.8321988203118,1,1,60.015624929026046,95.84002435795831,2.5460875000000005
862,0.01811185160103422,1,1,607542.1274108227,0.10583775094333321,2.5460875000000005
863,0.057031513689356106,1,1,122597.93780901027,0.4976216079933683,2.5460875000000005
864,6806.729908108541,1,1,379.56621814782216,0.8205713253028162,2.5460875000000005
865,283.72635201869906,1,1,4915.992443163436,32097.493790319975,2.5460875000000005
866,1032.526601145656,1,1,439851.5932928856,0.12636978286091338,2.5460875000000005
867,1745.604804904337,1,1,6581.894696979454,35.38193625867339,2.5460875000000005
868,7.301242769092142,1,1,117161.52713244682,4289.759817379097,2.5460875000000005
869,275.3378969956747,1,1,8485.041911232609,41.94216581890304,2.5460875000000005
870,9186.409137239752,1,1,18.411209838265037,56526.318872173986,2.5460875000000005
871,169.26535993435232,1,1,269.2636775534292,0.281876248962934,2.5460875000000005
872,0.018233138174913694,1,1,73.75117820427232,82864.9365390268,2.5460875000000005
873,0.03668171895062758,1,1,109619.57246778991,1619.0520131980572,2.5460875000000005
874,0.02253807102461991,1,1,1569.19089948319,656.37774049907,2.5460875000000005
875,0.2933097591395148,1,1,171176.5615906049,1.9559745432564788,2.5460875000000005
876,847.8070797728676,1,1,10189.132519969839,149.79236344834518,2.5460875000000005
877,1.277025158839241,1,1,62.880939113456826,0.16261377469367466,2.5460875000000005
878,0.5804193750835627,1,1,0.9842291317720075,37056.17803650342,2.5460875000000005
879,15.343995039113329,1,1,154558.23401935032,49.03720441561985,2.5460875000000005
880,512.4695202797645,1,1,71602.4018679696,1.7532132929261846,2.5460875000000005
881,2.8847280799532125,1,1,16121.771559847417,26339.329825501907,2.5460875000000005
882,723.6200615452765,1,1,86.26975213675945,2288.1495621449126,2.5460875000000005
883,0.12289940207107722,1,1,1.7828269204838656,505.07570593489487,2.5460875000000005
884,1622.4437221831822,1,1,84.9294930382187,20407.241450469224,2.5460875000000005
885,0.016965822320406495,1,1,580.1469428400902,2228.1539732414185,2.5460875000000005
886,7.208422707736695,1,1,508373.07318983605,221.83745035966595,2.5460875000000005
887,0.053037612417768984,1,1,1361.6351730643366,123.95102663686228,2.5460875000000005
888,82.64364702158451,1,1,5378.406733574533,140.7167066937334,2.5460875000000005
889,3784.017909569505,1,1,391.70530630161903,0.20291713848917167,2.5460875000000005
890,0.7462693010312953,1,1,528.1616094513962,1.3509525464990921,2.5460875000000005
891,0.5207853512624271,1,1,30.584762746399424,79749.53728439713,2.5460875000000005
892,7707.228724350825,1,1,55310.78627694849,118.24531331293048,2.5460875000000005
893,2.3430482059734166,1,1,36776.550929503836,0.10195228011566343,2.5460875000000005
894,3748.9241966300488,1,1,0.8051678531242397,2.590063605350583,2.5460875000000005
895,0.23086627858404818,1,1,18.173000865351362,1853.0536591427963,2.5460875000000005
896,0.06228683470345494,1,1,1132.0213267697648,0.8365482138671877,2.5460875000000005
897,19.917846505053927,1,1,20470.995972673776,7.159011728104034,2.5460875000000005
898,44.689276526622756,1,1,3.111568710642412,2931.421060698822,2.5460875000000005
899,13149.669893836415,1,1,33049.62030292612,214.11665843622507,2.5460875000000005
900,10.315343467089384,1,1,9067.09653395926,930.339179114899,2.5460875000000005
901,9072.498846911047,1,1,2289.438263440784,3.0909318819616978,2.5460875000000005
902,160.8961471636608,1,1,19618.96093027915,20015.2765837285,2.5460875000000005
903,21.756874582581702,1,1,40466.92929318945,13657.161780105616,2.5460875000000005
904,417.8385252231209,1,1,12855.882256674862,106.23482603051409,2.5460875000000005
905,0.18579098377351425,1,1,181.46001158383032,8.18645251695817,2.5460875000000005
906,0.6713173902639484,1,1,318.14347471559205,813.942230346999,2.5460875000000005
907,18.165888482115232,1,1,535941.864639311,0.21010868651429326,2.5460875000000005
908,0.02373003133087863,1,1,1.5545395562609885,78.44847296868816,2.5460875000000005
909,2.7120799010183005,1,1,149943.27544186643,39002.54368971177,2.5460875000000005
910,1.2854115335544818,1,1,8234.116753400787,13.707537064967202,2.5460875000000005
911,1461.1922305241349,1,1,2975.289892732703,2329.8899348210484,2.5460875000000005
912,42.0347355185765,1,1,1489.140102221536,19720.756030940207,2.5460875000000005
913,0.752013156921559,1,1,2394.567004232662,14849.96527647208,2.5460875000000005
914,10169.665821508856,1,1,2508.1669367505574,9.669838192195384,2.5460875000000005
915,5909.731311886969,1,1,107.87982274459752,4152.501319984894,2.5460875000000005
916,33.90965866328463,1,1,5.192538046418919,7434.04945974761,2.5460875000000005
917,138.9650139293865,1,1,546580.2525598042,35.949994872723295,2.5460875000000005
918,33.65325145287249,1,1,57316.08109414053,0.31998246459972235,2.5460875000000005
919,311.43755860847705,1,1,665.5625337746186,10599.591647480036,2.5460875000000005
920,14.749488495600929,1,1,30611.57401801509,12729.691005194582,2.5460875000000005
921,50.11851420011569,1,1,77887.01090235302,90309.56946166474,2.5460875000000005
922,62.39218950555276,1,1,28.17771804892762,5.400333817436218,2.5460875000000005
923,3551.559636316377,1,1,223068.10070538791,1.621321854307716,2.5460875000000005
924,1.9552897633935644,1,1,2775.816898924022,1015.0155053668042,2.5460875000000005
925,166.4846602858648,1,1,201.94334969525679,513.6465839064164,2.5460875000000005
926,31.251147300313022,1,1,177081.3682128711,0.20113326554211813,2.5460875000000005
927,26.650159777066825,1,1,19.22373541838496,5463.728165842145,2.5460875000000005
928,0.089283922204932,1,1,2861.0192193787034,3849.4406275864844,2.5460875000000005
929,0.035376418076404195,1,1,34540.7827691645,40.03454602764903,2.5460875000000005
930,0.029205874510145686,1,1,1678.9956509684555,1.3372505632156384,2.5460875000000005
931,3.3837922137805987,1,1,30.012621535935665,2468.9880224353838,2.5460875000000005
932,23.22306703327836,1,1,21.110671293459255,32624.954834447384,2.5460875000000005
933,143.69546192859042,1,1,10225.718217561283,0.1099315030948644,2.5460875000000005
934,1614.2863886879754,1,1,2927.1342894154213,280.03898899744104,2.5460875000000005
935,0.021655104531903373,1,1,12.120834192656158,3.5026384631331964,2.5460875000000005
936,3586.3287822591146,1,1,24890.968553647715,0.3793184163856269,2.5460875000000005
937,5.077284950233939,1,1,550.7510523096493,59400.455391234966,2.5460875000000005
938,58.38863522218031,1,1,371802.0718426788,405.72636590433507,2.5460875000000005
939,206.1601342950601,1,1,3.2439959036345694,0.14222668924871548,2.5460875000000005
940,5633.2921316732,1,1,990.2045156741566,1.0395500940356068,2.5460875000000005
941,958.874878773219,1,1,4.708542744733218,241.00316558552151,2.5460875000000005
942,180.54533041058744,1,1,131343.90560124975,49008.96795796635,2.5460875000000005
943,0.2773450420105397,1,1,335.18327670489714,25522.000921164807,2.5460875000000005
944,0.037353109874660416,1,1,2.6126769231377853,0.3074293604970172,2.5460875000000005
945,36.98981486191832,1,1,1285.7609788024333,0.20664500745992442,2.5460875000000005
946,0.5493424828222898,1,1,51409.00605550331,761.9908538387158,2.5460875000000005
947,455.6852658557111,1,1,349.3364120422283,0.5483034549898362,2.5460875000000005
948,0.37099853583426445,1,1,4.113249635556192,62730.91883871297,2.5460875000000005
949,0.08375519274277046,1,1,9.432371086643025,6191.250755139218,2.5460875000000005
950,9432.586001291527,1,1,111723.48537252317,1385.0668167978683,2.5460875000000005
951,739.6640045657394,1,1,40.97757804244005,324.42499126978186,2.5460875000000005
952,1.7387113292132634,1,1,74.8340530518031,3759.758631362801,2.5460875000000005
953,775.8445053521374,1,1,572104.9485696821,0.9317615293819738,2.5460875000000005
954,0.5251788117869828,1,1,6.135327084164399,1984.6728349786924,2.5460875000000005
955,462.63466907595915,1,1,1987.9841233682062,51.08259015838185,2.5460875000000005
956,591.9816623110457,1,1,687101.4501607028,5149.197816581407,2.5460875000000005
957,4.668168950596991,1,1,11.11182067043336,1048.5443189695743,2.5460875000000005
958,7.977920088951528,1,1,11067.158339697682,5.900141487787136,2.5460875000000005
959,0.5938579866252209,1,1,566284.5616264404,62254.27864333273,2.5460875000000005
960,3355.919227719328,1,1,529927.136459219,230.57098583437678,2.5460875000000005
961,2022.149455275587,1,1,102.41253530247855,0.9797024776191348,2.5460875000000005
962,2.12454114962606,1,1,6124.102870663648,36.149303873590995,2.5460875000000005
963,9756.322237876278,1,1,27249.785212507202,1.6558059266928602,2.5460875000000005
964,138.05272994859175,1,1,46711.68411977831,6683.169935278518,2.5460875000000005
965,2126.5748537888994,1,1,95685.85789977165,0.18565945068192968,2.5460875000000005
966,0.24104689573866478,1,1,0.7694854057809393,0.78030152310728,2.5460875000000005
967,6560.018709382389,1,1,10668.02230433661,787.8347413374701,2.5460875000000005
968,5.148619993620296,1,1,42.65334821574568,11836.022510023708,2.5460875000000005
969,0.21367898683390754,1,1,144.62890080725046,43.331435647748364,2.5460875000000005
970,0.5407833935183197,1,1,571.5904347825062,0.4531267090982585,2.5460875000000005
971,5.612304045380071,1,1,5263.584183876281,52.83983205560877,2.5460875000000005
972,3069.9425603524505,1,1,27.867928046691482,0.133451501754496,2.5460875000000005
973,52.97258027510503,1,1,8.550895933478563,75048.45292891088,2.5460875000000005
974,0.15711065499175897,1,1,187729.54861847762,7.13799268471295,2.5460875000000005
975,1.176769639851752,1,1,1.6025811693966228,1.2541455578553213,2.5460875000000005
976,35.80454422646305,1,1,2.371132032768777,710.7893700424595,2.5460875000000005
977,0.04227599334089354,1,1,240385.29619066886,15.491327219976002,2.5460875000000005
978,1.0501671216101505,1,1,4.104237372691276,86.97539144357883,2.5460875000000005
979,0.11048483789606672,1,1,2698.2925833648255,27303.731852727913,2.5460875000000005
980,1198.599766705999,1,1,87298.11725154701,360.9433602153928,2.5460875000000005
981,3034.8635494643113,1,1,2248.549748700017,96510.47144899014,2.5460875000000005
982,1.3355366976226855,1,1,0.7295501716125605,2576.391964824161,2.5460875000000005
983,2534.2655187971554,1,1,4500.746919770242,692.4199808900586,2.5460875000000005
984,7924.064265954257,1,1,13.697773318216022,22.04601160911246,2.5460875000000005
985,0.636493426824081,1,1,1471.7772119633646,0.12116726245568346,2.5460875000000005
986,0.21822277946376334,1,1,1008.4907238131829,1.2808449850811794,2.5460875000000005
987,8.677357346003983,1,1,2445.871277481149,0.6471648210480495,2.5460875000000005
988,0.25727840546937186,1,1,18982.235745809172,15662.679301743128,2.5460875000000005
989,7367.374639417283,1,1,0.9505520776788524,523.8623763811928,2.5460875000000005
990,10.813076743885814,1,1,1900.2013303931922,81442.11245694017,2.5460875000000005
991,1.5280001243563712,1,1,32181.163147780546,12.452771992346051,2.5460875000000005
992,9.118665100439454,1,1,15.772148492686123,8.004082990374254,2.5460875000000005
993,6.544768353842216,1,1,77465.49083705593,47668.974293163374,2.5460875000000005
994,1.8068530049417997,1,1,4.8728527434764795,1700.435248791054,2.5460875000000005
995,60.33957128222185,1,1,314740.3445951309,67255.4911851239,2.5460875000000005
996,0.16764977999490419,1,1,413466.4461459577,19160.54013527201,2.5460875000000005
997,539.4447655245376,1,1,9377.235913642675,84336.22149115888,2.5460875000000005
998,3.167447936988529,1,1,31.30858227798017,20818.277176490818,2.5460875000000005
999,0.040126667444538834,1,1,17.672565438777966,20622.554656483666,2.5460875000000005
